Elara Quinn,UCEoma6_PFomXIMUeYfegJ-Q,2961653836431,,,,,,,,,,,,,,,,,
Kenzi Vale,UC8_5kMo0Y6H92Ao5s2b0Vgg,2966352434963,,,,,,,,,,,,,,,,,
Alvin‘s Club Fashion Lab,UCiX5DzRDNIb9fH_MQvoIN7w,2912611282925,,,,,,,,,,,,,,,,,
Alvinsclub Health & Household,UCBCR9_z89dhlzr_SmxhTJpQ,2942243896617,,,,,,,,,,,,,,,,,
Arielle Knox,UCLxqYGcO0IN_JkM1608-SJg,2913696240600,,,,,,,,,,,,,,,,,
Lila Harper,UCI4rCw_gXcFStsVrdrZ3kFg,2923960618427,,,,,,,,,,,,,,,,,
The Vale Sisters,UCfARUgRxPaopFCSmBSCc5-Q,2924588909272,,,,,,,,,,,,,,,,,
Zaria Monroe,UC4klvehdog19R3zKyCjb5ew,2994765666179,,,,,,,,,,,,,,,,,
Alvinsclub Ai,UCV5FBW_l8cayS8L_zAIvlkQ,2933960015085,,,,,,,,,,,,,,,,,
Megan Holloway,UCTxmXBkAGYX209cXGgODK9w,2954208908695,,,,,,,,,,,,,,,,,
Jade Mercer,UC-aeYs16dYj_G1VoQ_hJkmA,2932635824675,,,,,,,,,,,,,,,,,
Clara Bennett,UCb_B2SChSC6jh7Ck-vklEAA,2936878971943,,,,,,,,,,,,,,,,,
darrygo,UCgBJozWjiE0cqwv7UNalyog,2962989516851,,,,,,,,,,,,,,,,,
Sabatino Civarolo,UCVENxbWKV3UZ14sAj_doH_A,2959183760723,,,,,,,,,,,,,,,,,
Edel Comadreja2,UC3d8VUb2FmOxTg4_yJ69SnQ,2994434392595,,,,,,,,,,,,,,,,,
sabatinocivarolo587 channel,UCUEWmoj6Qs8XOrMrtjyyJGA,2959546491866,,,,,,,,,,,,,,,,,
Edel Comadreja,UCyPlaJu4RrDsCOZzEGNaHmQ,2961542882344,,,,,,,,,,,,,,,,,
Maya Bloom,UC7XWI8W4_LcU-EF1esVU6Bg,2973481366461,,,,,,,,,,,,,,,,,
Camila Vargas,UC4bEw4x1HwlG6JIZRvZ5ymw,2921487673597,,,,,,,,,,,,,,,,,
Raven Sloane,UCD6fNReFbfXKpq94h9LuyZA,2926923298278,,,,,,,,,,,,,,,,,
Nina Vale,UCEsUUOk1qINsuqErdEDWdyA,2919370851787,,,,,,,,,,,,,,,,,
HangryHoney,UC0i03497jTGVBOBGnD2l-7w,2999584901141,,,,,,,,,,,,,,,,,
STUDIOKALI,UC1cwpAuih5-M7MBy-pP9Vrg,2907377370140,,,,,,,,,,,,,,,,,
olivia abc1,UCQQhhRIlTYvF29cjQ5nPMPQ,2975276579165,,,,,,,,,,,,,,,,,
Dex,UCgu5zkcWeAgOZ0qAlnW_DuA,2967216755461,,,,,,,,,,,,,,,,,
Gwenny,UCl9bn3MYuLEK4JtGmbtqEEg,2957053469742,,,,,,,,,,,,,,,,,
The Otaku Princess,UCbNXk5NYnvlgKq-5XGDELpA,2967717278048,,,,,,,,,,,,,,,,,
Mila Sterling,UC0d_z4K2FNuNJ0cv5hWNF5A,2910747099801,,,,,,,,,,,,,,,,,
Cherry Lane,UCO92oOq83ldKVid9BGhk0qA,2977108176637,,,,,,,,,,,,,,,,,
UnpinnedMuse,UCTLTRuk-Jlix1RikyeFz-Gw,2989672339002,,,,,,,,,,,,,,,,,
SilverAndSalt,UCG8eCvoho-77bP8yc9mpEkw,2934122785621,,,,,,,,,,,,,,,,,
ElfOffDuty,UCM83Abz4dSy14vizNqukkuA,2975483614478,,,,,,,,,,,,,,,,,
Nova Lane,UCsCjFC9ol_oxW8myF4BEN_Q,2907130094022,,,,,,,,,,,,,,,,,
Lauren Hayes,UCaPa77uZ7IiNg9kj-RtMWpA,2984325289473,,,,,,,,,,,,,,,,,
Chloeabc1-j5f,UCDg-0La0t14-wJVtecZikrw,2933970040561,,,,,,,,,,,,,,,,,
Affo Yousafzai,UCGWBFeOyuyq0GpQ5X_2aC1Q,2944639122535,,,,,,,,,,,,,,,,,
MaddieFinds,UC7BxpawgvrgFvMnvmEJWPMA,2913224817959,,,,,,,,,,,,,,,,,
lina,UCoyV68aPA7f3yjtGuD2xQog,2943571241624,,,,,,,,,,,,,,,,,
Velvet Fox,UCvOltsq2jCPnk7Cq9AeFmcQ,2931781042474,,,,,,,,,,,,,,,,,
Kira,UC735qHiYv26VW-2Kp2AFBIg,2921061578146,,,,,,,,,,,,,,,,,
Olivia Grace,UCYcGzjTRA19YhniXNGeLSUQ,2910870081010,,,,,,,,,,,,,,,,,
VelvetAura,UC2ZOK_ZJxNuxSYkePgt8f4g,2925479338854,,,,,,,,,,,,,,,,,
Alvinsclub Media16,UCZJoxp7eKGXaGYmEDwxm-0A,2995140853691,,,,,,,,,,,,,,,,,
sourtooth,UCmK2VAeMu7pVb4vzAXjjIgw,2965556927090,,,,,,,,,,,,,,,,,
mayajchen,UCtyBg7Noyw7iKc7ikqDcRWw,2999252071694,,,,,,,,,,,,,,,,,
Alvinsclub Media12,UCC6Y-voYlkThfWeogpJyBIA,2920276257014,,,,,,,,,,,,,,,,,
Selene Outfit,UCzqqz9HcM1OVjQhrhLP20iA,2936496061397,,,,,,,,,,,,,,,,,
Stella Brooks,UCX8vAFQVlxHRRwz1zG_WRfw,2904421506126,,,,,,,,,,,,,,,,,
alvinsclub media-Men's style,UC_Zr52IDfOIk2Fj6DqM0d2Q,2975960405381,,,,,,,,,,,,,,,,,
CandidlyLuxe,UCU_nllJpkpTRJIvr017UQ_Q,2963224182480,,,,,,,,,,,,,,,,,
LA Life Aesthetic,UC-eH4WXJYMbAcEWogZmyRfw,2967857997445,,,,,,,,,,,,,,,,,
Romy Louise,UCJTEWb_kq6Qsd2twFZJKI1A,2986512568552,,,,,,,,,,,,,,,,,
Alvinsclub Media15,UCZrfPGJmQmL1KTml1sjPyRQ,2978082062225,,,,,,,,,,,,,,,,,
sunkissedlola,UCBfC9k7GGdGrrmXMUjfuf5g,2930598517704,,,,,,,,,,,,,,,,,
Daily Outfit Studio | Fashion,UC_Dtsay33X5Kvhpmm46eNyw,2939094481460,,,,,,,,,,,,,,,,,
Clara Weston,UC_rnn4tAQFfIG_KhnPriQyQ,2982471106201,,,,,,,,,,,,,,,,,
Mila Kovac,UC8riSDnvp2M79ABHoMCw4fw,2981059223490,,,,,,,,,,,,,,,,,
Ramko Corigliano,UCu0IcnshDhROu9Zex0RS6AQ,2966731608382,,,,,,,,,,,,,,,,,
Sienna Woods,UCJkkXPs9-OhtLuE-vw_jS9A,2949996437997,,,,,,,,,,,,,,,,,
DarlingSeams,UCb3ei5UG0IMA1cYdMRsIAEQ,2930516067855,,,,,,,,,,,,,,,,,
Valen Sofia,UCEdqQPkeu0pU7bYl-XWxEMQ,2974450580969,,,,,,,,,,,,,,,,,
EffortlessElle,UC2C27k9w8evVfHddZrjr-yQ,2906386418520,,,,,,,,,,,,,,,,,
Valeria Marie,UC_GPxcQxDssgp31-_c-6jmQ,2932061253935,,,,,,,,,,,,,,,,,
lexi,UCD4ka6w1rsmzUkTDopnzhzw,2957001734152,,,,,,,,,,,,,,,,,
Lavish Life Edit,UCenv8CGhLyPyBSUSbZQdvzg,2927639441699,,,,,,,,,,,,,,,,,
MilaFuego,UCREYF3oXmMEzSz547R4YFjA,2908934780981,,,,,,,,,,,,,,,,,
Hailey Brett,UC3WJH5qbMeBsIoWnGl6xltw,2982181410304,,,,,,,,,,,,,,,,,
Chloe Mercer,UCE1wGVUqhVoCUdhTnYzG_1w,2903268017282,,,,,,,,,,,,,,,,,
ThePetiteEdit,UCW_E9mKNYLkll5LQmaBzvow,2906537465403,,,,,,,,,,,,,,,,,
NylaSway,UCii-1BLS7002k5UfTu3hg6g,2985482926132,,,,,,,,,,,,,,,,,
UnbotheredGlow,UCqYHRe2EWdfNmquHX79sOZA,2990950657703,,,,,,,,,,,,,,,,,
Trend Style Report,UCKg3oR4Xxoq5j-LLmJB1J_w,2980235169103,,,,,,,,,,,,,,,,,
Kiara Nicole,UCVAB_-x7VUwuPdW4QXH0p2g,2971340412142,,,,,,,,,,,,,,,,,
Tessa Rowan,UCnrj8RcYAMH3QhXzRGv5Y2w,2976846354031,,,,,,,,,,,,,,,,,
Alina Rose,UC6jSMMqKOyz54ViD66s9jfw,2964014694665,,,,,,,,,,,,,,,,,
Daria Kovalenko,UCHkLFZJ9L7QauTbPODmDhXw,2942963945903,,,,,,,,,,,,,,,,,
Vampy Luna,UCiiIiNxaepByrGqV-Hb6oPw,2976637893138,,,,,,,,,,,,,,,,,
Alina Cruz,UCpxh5D95qSYoFybKY-ajRaQ,2969692578117,,,,,,,,,,,,,,,,,
Livia Brooks,UCfo8YsYVFyL0_RySbjzKePw,2952825976206,,,,,,,,,,,,,,,,,
Ethan Rowe,UC4yEP6xEyaobRKVngX4Cz8w,2920757806035,,,,,,,,,,,,,,,,,
Daniella Reyes,UCofRUV6kafrgCPqI4KWTRug,2937089905048,,,,,,,,,,,,,,,,,
Cherry Riot,UCHiJ0ClkcvKaRYscXGKfRQA,2929624269456,,,,,,,,,,,,,,,,,
everyday mira,UC4rj_IlO3V-d5ebVhgagh1w,2969993603112,,,,,,,,,,,,,,,,,
SLOANE VANCE,UCKj7Dcq7jN1lJyuM8FvRVHQ,2907554186008,,,,,,,,,,,,,,,,,
NineToChic,UCj86CRSqDqrR4KUi4kmtLnw,2972856114420,,,,,,,,,,,,,,,,,
CoastalDew,UCJDTKQAips6zy3554HSe_GA,2952860342939,,,,,,,,,,,,,,,,,
Serena Fawn,UCQ5zqaKZXSlXLx3r407NsWQ,2975900121214,,,,,,,,,,,,,,,,,
marta mumbles,UCcpJko_sbV913L5iqzc9IEg,2973033227667,,,,,,,,,,,,,,,,,
Lexi Thorne,UC5cY370Xve9dHPQhIUGpIJg,2909475838542,,,,,,,,,,,,,,,,,
Alina,UCkiAMUt0IE3FRs4qTGaoD7A,2920466561027,,,,,,,,,,,,,,,,,
Velvet Haze,UC0hdxwQeT126mnR1dx-6cng,2959286384543,,,,,,,,,,,,,,,,,
Deydre Legarreta,UCBJG6rm_70zIeOc32VrSPeA,2999485073212,,,,,,,,,,,,,,,,,
Amelie,UCxRySkqIgFk5RhA6ddcrAvQ,2958522218360,,,,,,,,,,,,,,,,,
 Alvin’s Club Style Media5,UCbPX6KHHlTKZstSxoCy7y8Q,2921719974280,,,,,,,,,,,,,,,,,
Elena Fischer,UCd4dTbcBo4z2_tb6-tf4aFQ,2956463891586,,,,,,,,,,,,,,,,,
Same Day Deals Hub,UCwbxDagXICbV2aRly-THlCw,2954514457408,,,,,,,,,,,,,,,,,
Freya Collins,UCZ7ioobsXhB66geQQPdco4Q,2905479163125,,,,,,,,,,,,,,,,,
Outfits On The Go,UCH7-80pxiWuye6jq7QKgbFA,2907521808818,,,,,,,,,,,,,,,,,
Hannah Caldwell,UCjVheRdcvjSFi3LNuT0XRTg,2985708760707,,,,,,,,,,,,,,,,,
pixieriot,UC28YCbba3lMZ3nS7hbIIzlw,2963695383258,,,,,,,,,,,,,,,,,
Soline,UCNsEr5XuyBkpoh5RWwLx2Kg,2948772556519,,,,,,,,,,,,,,,,,
Metahash,UCu52qtGhQToVnCEWSsxCCSQ,2915384078193,,,,,,,,,,,,,,,,,
Isla Rowan,UCfkXqwhZ3KjlBM7sY4N_D2g,2926026779320,,,,,,,,,,,,,,,,,
Sophie,UCmcy4Ew2j_u2TKqVk2TeMlA,2980813958465,,,,,,,,,,,,,,,,,
Celine Fables,UCboqbj-lE9-mdPrDUF-eDPA,2990587089120,,,,,,,,,,,,,,,,,
Sorbet,UCd1vr6V3jsQ4OZ0PQ7gFMdw,2987936170863,,,,,,,,,,,,,,,,,
BlushReverie,UC16r6ZsXapsDIcaOCwM1N3w,2900145898983,,,,,,,,,,,,,,,,,
Cleo Vance,UCPsQ8X-53jFNdDFhA-slI7A,2996294055215,,,,,,,,,,,,,,,,,
黎夜 Liye,UCgFg6N3jkw8hfRfcAxnZEWA,2995405336140,,,,,,,,,,,,,,,,,
dasha,UCjUMjyEsfYYkOS-RoJdVvBg,2913476775014,,,,,,,,,,,,,,,,,
Clara Bennett,UCeRV3URxl6OGOU9v2aDKYcA,2972708637993,,,,,,,,,,,,,,,,,
Noa Elira,UC0FYNIMC7vXgU934ea_o_oQ,2978630464781,,,,,,,,,,,,,,,,,
Fit Link Edit,UCdMno2NkkZVGsSWIUhE-6JA,2912571448794,,,,,,,,,,,,,,,,,
Alex Collins,UCVSd4fY_za_bqkccaCBCsiw,2902842557900,,,,,,,,,,,,,,,,,
Alyssa Grant,UCW8LXvDNhGWinLuAtA2twEw,2965672196113,,,,,,,,,,,,,,,,,
Chloe Vidal,UCSmDtSERu7SyRm_XMFIuFww,2966540273790,,,,,,,,,,,,,,,,,
Trend Fit Edit,UCnqUyjGAjhqeRZc7lH9HM0w,2903267301702,,,,,,,,,,,,,,,,,
Grace Whitaker,UCcuawx_5TkEfvm0ydlKJyfw,2999764782165,,,,,,,,,,,,,,,,,
AuraBloom,UCbNhG4o0MWr8AbjPd8oI1Fg,2969531512480,,,,,,,,,,,,,,,,,
TheCandidFit,UCseHo9bDNAARg4p3nHCq38Q,2991003621813,,,,,,,,,,,,,,,,,
Mia Picks,UCELAzT2gngi7VLOF2Gn0LzQ,2964004115188,,,,,,,,,,,,,,,,,
DeluluChic,UC_PoHXI-T9oALJoOlBGHHzA,2911666345514,,,,,,,,,,,,,,,,,
Alex Collins,UCQzZbWT27abWvW1rrsz-cUA,2962459522467,,,,,,,,,,,,,,,,,
Chloe Lin,UCCJkfI_2maxL947fEnUWQoA,2950250499100,,,,,,,,,,,,,,,,,
Maarisol Hoch,UC_UylnqdRLb0PtYEoIDHTHQ,2958379489458,,,,,,,,,,,,,,,,,
Styled By Jada,UCjmjAd9zowknCSM4wpiY1Bw,2983539291223,,,,,,,,,,,,,,,,,
Gia Muse,UCDojuXD1D3o7h9gdxT7D-Yg,2976719741215,,,,,,,,,,,,,,,,,
Chloe-1,UCVGYr26GrS6Rh8GvG70p74A,2957075775707,,,,,,,,,,,,,,,,,
Jimmy Olluo,UCyOMdb1GSFpi8upluTmXfPw,2915636773790,,,,,,,,,,,,,,,,,
ChicFormula,UC7Gx_AVxC9sNLgqDHWQLvLQ,2982302404590,,,,,,,,,,,,,,,,,
Margot Hayes,UCFPUx-TOcHIdZFY_FMhOaBQ,2956007253507,,,,,,,,,,,,,,,,,
SwanaArchive,UClW297NbjvPoHyDwcK4lGeg,2984085585086,,,,,,,,,,,,,,,,,
Mila Nowak,UCh7QpPQDHHzEqBw4x7FIpfw,2925504940683,,,,,,,,,,,,,,,,,
TheArchiEdit,UCzsctTGcUr6qCjOxdRPUfsg,2967058553405,,,,,,,,,,,,,,,,,
coquettechaos,UCXwjXKQGNWk_nGCqInexN3g,2984559960498,,,,,,,,,,,,,,,,,
RileyWild,UC-mBjHj8SLc0sawyhjo_a_g,2919222748638,,,,,,,,,,,,,,,,,
MessyMuse,UC6FxSeESYz-hPaiul-eIo8w,2956131074656,,,,,,,,,,,,,,,,,
Bukits Gemini 2,UCkRMKhWnyixXAw3vkxtzqnA,2909585226521,,,,,,,,,,,,,,,,,
girlmathfinds,UCBinoaGwsxPs95oa9oH31tw,2972547165068,,,,,,,,,,,,,,,,,
SOm Riopn,UC5Gz90xf5KjUM_pIb5S-KrQ,2911349241999,,,,,,,,,,,,,,,,,
SundazeMama,UCRJ2kszbKgC_exvgfHfJ6Bw,2922687840656,,,,,,,,,,,,,,,,,
ChaosCouture,UCjhfCBZfCEHXXTrwpbQuRjg,2926618783522,,,,,,,,,,,,,,,,,
Tmir Liber,UCylBOc2LMTTvr_4Dym-c5cQ,2960073392891,,,,,,,,,,,,,,,,,
QuietlyPosh,UC6w1PB9qyK0os7Wd6DK6FlQ,2987927724141,,,,,,,,,,,,,,,,,
Leni Lentils,UC0jjyTwaWAmiUFMyGIQdbSA,2985315541269,,,,,,,,,,,,,,,,,
CherieFinds,UCIy0aheOMSoGvoeubZWlvfQ,2911092500383,,,,,,,,,,,,,,,,,
Chloe Hayes,UCUpu_kfaLvTqpQj8xfG_xIQ,2928314978776,,,,,,,,,,,,,,,,,
Clara Weston-2,UC-x9nbzgPl7h0PqHfe3Yf1w,2969999399343,,,,,,,,,,,,,,,,,
Mila Arden,UChaVZoZBr_RGBrb4uG5UB3g,2985948426986,,,,,,,,,,,,,,,,,
Alvinsclub Media07,UCrqc7rcdGfPVc5gUC2NyRdw,2935763543954,,,,,,,,,,,,,,,,,
TheMidsizeMuse,UCt0FU2bgcc3f9h1cylrpPKw,2981756237379,,,,,,,,,,,,,,,,,
Giselle Monroe,UCw9X2Tgvip65VD9jnyfFJtw,2985074897006,,,,,,,,,,,,,,,,,
Maarisol Hoch 2,UCbRPp9PGz5xRTHyXTY2-JcA,2995089088505,,,,,,,,,,,,,,,,,
Siena Cruz,UCZK_lSdqyTPqDtx_5qrPSHw,2976697589905,,,,,,,,,,,,,,,,,
effy.mp4,UCejiIFruepvrVqhmDLJnDeg,2966994067829,,,,,,,,,,,,,,,,,
LuxeAndLoved,UCCt1TdntwMfBDsVuTaem6uQ,2966208242724,,,,,,,,,,,,,,,,,
Tmir Liber 2,UCsuVRouLzivyYl9U0Jb1YNg,2921045930757,,,,,,,,,,,,,,,,,
TheoUnfiltered,UCFK9j-z9TjUQCNcyybxToBg,2960589514944,,,,,,,,,,,,,,,,,
EffortlessElle-1,UC4WgSOF5TUlN-iy7RU3rYow,2914528959401,,,,,,,,,,,,,,,,,
Jimmy Olluo 2,UC3LbkF0ooeYiZJM7pTMnJyw,2980488708247,,,,,,,,,,,,,,,,,
SloaneWest,UCkbwnYxmgopYWX9QQkEtr8g,2941611741587,,,,,,,,,,,,,,,,,
SOm Riopn 2,UCMlq1gStuQoHfELkqvPViUg,2946982107669,,,,,,,,,,,,,,,,,
Bukits Gemini,UCRz0dS1t1OkcdwHc_C8xV7A,2939508846103,,,,,,,,,,,,,,,,,
layla,UCWfldHJtlZeNtgXtljgWwiw,2942838092579,,,,,,,,,,,,,,,,,
IslaHauls,UCJxOIt9OewkQikqLAsxfDCQ,2921411417412,,,,,,,,,,,,,,,,,
Harper Ellis,UCp6WIWa_t36FWblHUFuo68Q,2931708316849,,,,,,,,,,,,,,,,,
Anthioumane FOnfon 2,UCUfjvrtXvoMtgKR1-G-JPPA,2986146740843,,,,,,,,,,,,,,,,,
Clara Wynn,UCtpd34GWrWyEVYBEZRaJMYg,2927786759530,,,,,,,,,,,,,,,,,
PetiteBaddie,UCZt94WxYgQQ77gEvpFzPXlg,2944077582389,,,,,,,,,,,,,,,,,
SaintNoir,UCEWXasm6TyYsqt5aiwg8hbw,2900083466484,,,,,,,,,,,,,,,,,
KenzieGlows,UCMCOXzkeuD2Xfwah5i-FS8Q,2938227547462,,,,,,,,,,,,,,,,,
VandalVixen,UCWyo4vqPzFr8gLC7iCCe0qg,2910890966608,,,,,,,,,,,,,,,,,
SoleilMuse,UCOWc3g7U7-22s5PPKTevN6A,2906747745416,,,,,,,,,,,,,,,,,
Sophie Laine,UCYAmFCV2kB1kkImymbrVu9Q,2922020969989,,,,,,,,,,,,,,,,,
WildflowerWest,UCemM7R0OsTPhpCCAjAVcugQ,2948309050989,,,,,,,,,,,,,,,,,
Tess Wears,UCKN3_GFkGygK7Ss7iehRSwg,2994138926631,,,,,,,,,,,,,,,,,
Jenna Brooks,UC6gtFF776DsNSiz1kjLSHKg,2951629520734,,,,,,,,,,,,,,,,,
Marcos Men Style,UC9pKUNyCLlI9e9ezyzW-r5Q,2964500216282,,,,,,,,,,,,,,,,,
Fiera Moda,UCgUufaY7hgDLSSp214hLYpQ,2920462133667,,,,,,,,,,,,,,,,,
Simone Hayes,UCe3ZpN8UaLwo8Df4wg0dVJA,2934039592654,,,,,,,,,,,,,,,,,
thesoftedit,UCR6pf2J4b1EPm7Z_CzTJdLQ,2933751231339,,,,,,,,,,,,,,,,,
Luxe Daily Style,UCqeNFgLal9xeDJvBPpSHJ1w,2903967742488,,,,,,,,,,,,,,,,,
Valeria Costa,UCf4TeDAtT44rHZcaKz8Xpng,2934391932291,,,,,,,,,,,,,,,,,
Tessa Marlow,UCLp4hvCLDRdv7AScJr7dXuQ,2903104841048,,,,,,,,,,,,,,,,,
Lena Vault,UCGHloQ6S2-Q1A0Cy-h-BRzw,2926835816020,,,,,,,,,,,,,,,,,
SienaSoleil,UCwkYKvd7vPimly38QfzD7vg,2962896889619,,,,,,,,,,,,,,,,,
Tessa Rowe,UCppSTlW0hxzKDrqogEdYEcw,2947575155787,,,,,,,,,,,,,,,,,
RaeOffDuty,UCA9HGbjNSNIi7e28NYAQdnA,2958323174842,,,,,,,,,,,,,,,,,
Elise Morgan,UCbNu6aw6hmHwpuroeBn2HXA,2936727063317,,,,,,,,,,,,,,,,,
CurvyAura,UCa1OIBbTbfXkucYkylUo_yQ,2918720105985,,,,,,,,,,,,,,,,,
Naomi,UCt-a3zPzuxQ1zSbLqZhiX0A,2995930073962,,,,,,,,,,,,,,,,,
Chloe Brooks,UC3HvHsi_cJg1Vs8gvdicDuA,2978394408233,,,,,,,,,,,,,,,,,
LuxeMuse-1,UCQKEwGgHbp7vexCbeRpkNzw,2901493382444,,,,,,,,,,,,,,,,,
Jenna Brooks-1,UCCs2Yx9jEa6TebjZoKvX1jA,2975846244068,,,,,,,,,,,,,,,,,
AuraHaze,UCJJl2E2HBCrtdr9UrQ4Z1FA,2932985344683,,,,,,,,,,,,,,,,,
TheElevatedEdit-1,UCpncZ9kqeOh5aas9juS9lmg,2956023444091,,,,,,,,,,,,,,,,,
Novak Bros,UCinD27cFFic0lJthpMFKdpw,2932369242504,,,,,,,,,,,,,,,,,
Verity Label,UCCvMxygHkHjeNVZfTQ0NTxQ,2983542435345,,,,,,,,,,,,,,,,,
Mallory Paige,UC9wRUVS8S0cgkRYSIzgfCWw,2988652114008,,,,,,,,,,,,,,,,,
OffDutyMuse,UC5SdXBQkgVplOzGj7mEFAjQ,2994669491463,,,,,,,,,,,,,,,,,
Deydre Legarreta 2,UC5L97HC4OyW9ApGwbkOdjpA,2975174220972,,,,,,,,,,,,,,,,,
Luna Denim Studio,UCeJK-ytT_ZzySPdz--mDrTQ,2932526966358,,,,,,,,,,,,,,,,,
TheTimelessArchive,UCalQRMxbvOEgcxfrdXacZ5Q,2995980797026,,,,,,,,,,,,,,,,,
EffortlessMuse,UCW2J5cN_7TqPUQdvl2BrZOw,2989712923892,,,,,,,,,,,,,,,,,
Alvinclub Men's Clothing,UC9ayCXdEK44sdbOYZhJ7Cfw,2916314854186,,,,,,,,,,,,,,,,,
MidsizeMuse,UCaF7YUNdWn0JLLuxOsELXLg,2994448724447,,,,,,,,,,,,,,,,,
Leyla Rose,UCGL5DWSl0Tzv9ZWZtIzMf9w,2942385104212,,,,,,,,,,,,,,,,,
Aria Sterling,UCE9z3vNdlPu42d8kISAELWw,2983310609577,,,,,,,,,,,,,,,,,
Stella Live LA,UCD5AbYdN7PL0uSybdFw3Pvw,2950909624117,,,,,,,,,,,,,,,,,
Ramko Corigliano 2,UCIxyg2h_FGudxrzSfI7WiIw,2965910382881,,,,,,,,,,,,,,,,,
LuxeClique,UCjKRpJqYgZlXtkz6SWP0eVQ,2925512809508,,,,,,,,,,,,,,,,,
Chloe Brooks-1,UCvPHgeyQ5BbStoqKbGJ2wCQ,2946471361316,,,,,,,,,,,,,,,,,
Victoria Hayes,UCzV0W6u4qTX_UKqYUCLV27A,2923647676214,,,,,,,,,,,,,,,,,
Byakko Waffle,UCPcXw3CK8oRX7HQKaVWZWsA,2929276839126,,,,,,,,,,,,,,,,,
Anthioumane FOnfon,UC9jgGAjh4jUGy4AgrzTjZfg,2925080186870,,,,,,,,,,,,,,,,,
Clara Lindberg,UC8DMCvdizfM_0nWCO8mt7mA,2902322811440,,,,,,,,,,,,,,,,,
Caroline Tate,UCOT8lhEeLpz6kCCDe5wMfsA,2920834605374,,,,,,,,,,,,,,,,,
LuxeUnbothered,UCwKNXrv53HBZYW3hT1Iwr1A,2924404876921,,,,,,,,,,,,,,,,,
Elena Marlowe,UCkRJ3Pgk-NRoDngwQbvwasg,2967513448273,,,,,,,,,,,,,,,,,
MidsizeMuse-1,UC7XEZK-049C-dKiVBxKcLCg,2946165907344,,,,,,,,,,,,,,,,,
Nomi Lee,UCUePxlBHAsIAXhWv_rEIMZQ,2997620914800,,,,,,,,,,,,,,,,,
Alvinsclub Media13,UCJttobZQRwzYHC3USBO-07A,2964492052485,,,,,,,,,,,,,,,,,
Tidy With Chloe,UCIyLCdr3I1KvPHzPZcnMs2A,2988977744874,,,,,,,,,,,,,,,,,
NiaSimonexyz3,UCADcSWD4HVmIoWD_MJ6W5ZA,2930883066775,,,,,,,,,,,,,,,,,
Keira Larkin,UCEjTktJ03Et9SrLdwnkjdxw,2984645315183,,,,,,,,,,,,,,,,,
Tessa Morgan,UCaNmiHfyYSjWQWVcsWR4y-g,2959847099773,,,,,,,,,,,,,,,,,
Aria Sinclair,UCys8oDozp6IuGAuuu0VbcbQ,2927884163796,,,,,,,,,,,,,,,,,
Cami Mendez,UCjEy1QGD99W3s13yJNWI2dQ,2908973942389,,,,,,,,,,,,,,,,,
Sophia Trent,UCdXX8i4iiWOoeoxPoQzHbUA,2904918225457,,,,,,,,,,,,,,,,,
Elise Hart,UC6qAs5SZbC4hBgxLUoeylVg,2993579447175,,,,,,,,,,,,,,,,,
Clara Sun,UC1Uk-cy5ZBOpHTyDBMdlikg,2968931268185,,,,,,,,,,,,,,,,,
Malia Rose,UC3-vWI9T74RCE-ovSZ42oPg,2927070410480,,,,,,,,,,,,,,,,,
Chloe Park,UCp4ZooYp3wdgU39PJisjDnA,2976474498949,,,,,,,,,,,,,,,,,
Aura Essentials,UCxawSwJrDpqCrMrX0sXqxtg,2910440887341,,,,,,,,,,,,,,,,,
Social Cue Lucy,UCdL0zR5KPdBPQ-GBQ7z-VhQ,2949894796600,,,,,,,,,,,,,,,,,
Mariana Alves,UCgxt3VyqqgnqI37FJJW6wNQ,2915119571188,,,,,,,,,,,,,,,,,
Lauren Michelle,UCHBE_iS2domhWh_0mF_8yHw,2992410163892,,,,,,,,,,,,,,,,,
Margot Faye,UC4GoKtZW_KXMY0tCw0Tbumg,2993551132945,,,,,,,,,,,,,,,,,
Elena Styles,UCahc69k2d7ijxoI0lNxL86w,2951103705749,,,,,,,,,,,,,,,,,
Maya Elian,UC_r1mWj1SXZfzV7mb_Sln5A,2928363625559,,,,,,,,,,,,,,,,,
Linnea Berg-1,UCjFFYpZkNRA1GYWxLRJ48yQ,2917326293738,,,,,,,,,,,,,,,,,
Gemma Adorns,UCUvAzmPj5Dh4MP5fI2RFpKw,2968181709793,,,,,,,,,,,,,,,,,
kiromi,UCqiVuUJgw0xmwPHeB3yHy0w,2914631990860,,,,,,,,,,,,,,,,,
Nina Pham,UC7WwyRXTX0Sj9hWzPlYdr6Q,2950297415505,,,,,,,,,,,,,,,,,
Jade Lin,UCSIICE5XLtuz1iLMGW12Pxg,2986646430344,,,,,,,,,,,,,,,,,
Tessa Rae,UCr3Fr1P0SWz7vwzZqlG5oiA,2917738809083,,,,,,,,,,,,,,,,,
Katya Volkov,UCZRd1UZN5nqnpQ4jrapPZ-A,2917043931360,,,,,,,,,,,,,,,,,
Elise Harper,UCBLne154SAo9l6L9EKrh3Jg,2941940276314,,,,,,,,,,,,,,,,,
Kendall Greer,UCDSsVtFBfTiuPwCPjlQdEGw,2963302203255,,,,,,,,,,,,,,,,,
Maya Lifts,UClfl2P-u0sG6pTfjR8AJtUw,2990500469218,,,,,,,,,,,,,,,,,
Maya Archive,UCfDA8WReB2eQs2wYsLqu5-Q,2950789779455,,,,,,,,,,,,,,,,,
Yasmine,UCQQvgGT7gLn_XlxoQ_9EnFA,2919624429993,,,,,,,,,,,,,,,,,
Léa Clément,UChXO1KPiHuSFs85y0tnifIQ,2970813395606,,,,,,,,,,,,,,,,,
Isabella Rosa,UCDuqgFuRxAW3fi0G5YP2KDw,2966863361626,,,,,,,,,,,,,,,,,
Simone Hayes-1,UC1jVGwCnawLvrj0H9_4TWpw,2921093250658,,,,,,,,,,,,,,,,,
Serena Styles,UCoLtaWAKVawgtP5XSUIlt5g,2950327610247,,,,,,,,,,,,,,,,,
Serena Blake,UCPP4fkWUaqg6CPdAD_o5gYw,2996055778669,,,,,,,,,,,,,,,,,
Alina Becker,UC8hAPEvvBKuis7uQ2Vp9FUw,2918938367358,,,,,,,,,,,,,,,,,
Amira Glows,UCQlC_TkWT92DD3UgVVIdhPA,2954349223564,,,,,,,,,,,,,,,,,
Elena Vance,UCN5DxbTye2vk9MPguXXXPWA,2961416213569,,,,,,,,,,,,,,,,,
Maggie Restyles,UCNTgIpU96F_jVTzmUUW772A,2996763633119,,,,,,,,,,,,,,,,,
Chloe Bennett-1,UC8D2nN5x5zRBuMoh3pECilA,2928421547142,,,,,,,,,,,,,,,,,
Madison Rowe,UC_79ArJp6ueBmt_auT-50zg,2943196470306,,,,,,,,,,,,,,,,,
Laura Caldwell,UC3zrHzCdMFzJBGFl1jM4i-Q,2921599529918,,,,,,,,,,,,,,,,,
Harper Davis,UCSFuBn91E151r31QlPr9_gg,2961679053579,,,,,,,,,,,,,,,,,
Juliette Claire,UCp1_KN2k-EloCkc9-hyyLIQ,2983969914202,,,,,,,,,,,,,,,,,
Elena Davis,UCIPrGu2J4objoNWIA0JKQ0Q,2969248898644,,,,,,,,,,,,,,,,,
Vela Modas,UCi8dyzXo07bMWuIKWhzig3A,2913021544290,,,,,,,,,,,,,,,,,
Maya Rhodes,UCmDQaclqlrmTs3PlXRhGSQQ,2948284986850,,,,,,,,,,,,,,,,,
Lauren Brooks,UCEFGpPPR9onVXUpK8T1YVpA,2905320264726,,,,,,,,,,,,,,,,,
Marlena Klein,UCMgNGDt96BCJcAwi3kMiFkQ,2936465900570,,,,,,,,,,,,,,,,,
Madison Hayes,UC-K-Exs72M5R1aY9AyleR0Q,2968070387741,,,,,,,,,,,,,,,,,
Siena Ray,UCYc2IJcsQltSGn1aHUlsPZw,2967752652397,,,,,,,,,,,,,,,,,
Maya Chen,UCRdGiNNnQ4dBlhAUpfFq3Og,2918026714844,,,,,,,,,,,,,,,,,
Mia Dances,UCwjY4UFCHdWfAribjOWYOVg,2988085868756,,,,,,,,,,,,,,,,,
Zara Rinaldi,UChWqSVyr-Ln2KkA01yvwuzA,2969852879220,,,,,,,,,,,,,,,,,
Sienna Hayes,UCrJ_ncqKYzOq3VcQ_IeEIDA,2914069093737,,,,,,,,,,,,,,,,,
Hannah Lin,UCjW_RsGhmfUb33-iypUsqUg,2999553131713,,,,,,,,,,,,,,,,,
Camille,UCfiVVlBQ50FnrKgBynMnUUA,2994274319853,,,,,,,,,,,,,,,,,
Lauren Hayes-3,UCLgWBwgaw2EbX8zz-KowdQQ,2937452995803,,,,,,,,,,,,,,,,,
Avery Hayes,UCbemL-ytUVrSgk-fyE5GeAQ,2985922637035,,,,,,,,,,,,,,,,,
MayaPixels,UCD2kfGFNBNc47gJ8J-de4Pw,2993001958508,,,,,,,,,,,,,,,,,
AuraNoir,UCVlDaY5GU7iq40GEvz9cmgg,2923134115210,,,,,,,,,,,,,,,,,
Nora Elias,UCBIqV4nf38-T-28cOGXMIdg,2934277872448,,,,,,,,,,,,,,,,,
Leah Carter,UClIJivDrockn_hie5y9J7IQ,2931542890052,,,,,,,,,,,,,,,,,
Sienna Marie,UCSrrfNao_yMVpzb8_ofuLXg,2926296435404,,,,,,,,,,,,,,,,,
Chloe Hayes,UCtLSmzU776-qKr_Q33GhgUQ,2951636183094,,,,,,,,,,,,,,,,,
Serena Brooks,UCuY0A5rMfegfI_PDxHvIJRg,2995314063292,,,,,,,,,,,,,,,,,
Sienna Rae-1,UCWeV4c-Q19T5YfLzeikoiYA,2981856894360,,,,,,,,,,,,,,,,,
Marcus Reed,UCtAhn_hO9uJtnpEJbbSh-6w,2965300509514,,,,,,,,,,,,,,,,,
Lexi Brooks,UCmMcxrP7j3uyCyX8xyS6gOA,2915641095765,,,,,,,,,,,,,,,,,
Valerie Hayes,UC9rthMkm_GB603bwnJQ-GUw,2981845136576,,,,,,,,,,,,,,,,,
chloe t,UCEngQYPDtHS4rzOB7N8fiVQ,2936174190433,,,,,,,,,,,,,,,,,
Chloe Mercer-1,UC7vX_4ee0Ww0m-GOAiD9YkQ,2909585888329,,,,,,,,,,,,,,,,,
Kiera Intimates,UCfPgutRyZLQV_XIhQeOMqFg,2932549586690,,,,,,,,,,,,,,,,,
Lauren,UCu7TYCAhME_XffIapf0Xy4Q,2965098239241,,,,,,,,,,,,,,,,,
Chloe | Curvy Casuals,UCleyeZPd0qSbaIVGLklMLmg,2963420395168,,,,,,,,,,,,,,,,,
Amara Wong,UCZBqVBSs_EJqj0UhqByqzaA,2949251474109,,,,,,,,,,,,,,,,,
Chloe Curves,UCcnaeL7AfeWgjxNjbZZXf3w,2948996122634,,,,,,,,,,,,,,,,,
Clara Chic,UC6R033QGAlXdT75Xit7Tpog,2936371651689,,,,,,,,,,,,,,,,,
ChromeNomad,UCxERw_6r09ZEtrLK7FMYSEw,2953628673074,,,,,,,,,,,,,,,,,
The Aria Edit,UCn1ljl1twJ2Q0uiINTzFLAA,2925436754388,,,,,,,,,,,,,,,,,
Maya Eve,UCRNaOu8P3eKynSvNqSZZ9AQ,2943494653618,,,,,,,,,,,,,,,,,
The Vera Edit,UCKqDNM_LpCIYMHzazM3pbeQ,2957499753726,,,,,,,,,,,,,,,,,
Chloe Sterling,UC9qiu38n1dwldYJ-MbpDlEw,2939388308872,,,,,,,,,,,,,,,,,
Chloe Vance-1,UC9Wteej6bcHPPJyk6OVGUSg,2972791213049,,,,,,,,,,,,,,,,,
Elise Everyday,UC4rnKDY6p9iyfuuZiEpTiiw,2937096552572,,,,,,,,,,,,,,,,,
Camila Diaz,UCZ5NA7qOfSBnKpYVo-nHkiw,2921162108629,,,,,,,,,,,,,,,,,
Chloe Lin-1,UCbUDOA62KbY7HaAiaD70WOg,2984275744696,,,,,,,,,,,,,,,,,
Morgan Riley,UCJ3-I4HnoYxG2i_5QhUX8xw,2962207089316,,,,,,,,,,,,,,,,,
Dani Ray,UClEDgMzBxwE564h7MsgyRBQ,2904206510239,,,,,,,,,,,,,,,,,
Maya Elise,UCTGVbyP617kwCfnzEK2U4_Q,2924950568114,,,,,,,,,,,,,,,,,
Sienna Brooks,UC0ZtXvTysJCrF6YmaflNDpQ,2991349535611,,,,,,,,,,,,,,,,,
Chloe Grace,UC2MkiY1iQKNz2vLkjq8gefg,2987635594681,,,,,,,,,,,,,,,,,
Alina Reyes,UCFaRf6Y8PKQngS04jHiKL2w,2957761614413,,,,,,,,,,,,,,,,,
Amara Elise,UCQOVij7I9TREbllztDkSPug,2957033959421,,,,,,,,,,,,,,,,,
Julian Choi,UCgdPzuDnf6T8yJqy3xLhizg,2993325194381,,,,,,,,,,,,,,,,,
ShinArchive,UCXN_14l6J1kOOTEh5_bK-ag,2946572221307,,,,,,,,,,,,,,,,,
Chloe Bennett,UCbICwdJqplriROElSclrtxA,2948468145182,,,,,,,,,,,,,,,,,
Julian Carter-1,UC3rfcZyoKHi_Qg0GhGO_T7g,2973893512964,,,,,,,,,,,,,,,,,
The Luxe Curator,UCd0j1e0ki4Qo2G2CVnrrdXQ,2944909694173,,,,,,,,,,,,,,,,,
Style By Clara,UCjC8jTUgpODQWp8fprFTp0g,2993135230369,,,,,,,,,,,,,,,,,
Nina Desai,UCN1MhnG764W80_BYOEVzLmQ,2932521295994,,,,,,,,,,,,,,,,,
Mila Raine,UCwrH7v7Fe-FUjNPI6njfOlQ,2916420134527,,,,,,,,,,,,,,,,,
caliaura,UCNYtPZbauIgewMa9JcRjxVA,2990002318640,,,,,,,,,,,,,,,,,
Rumi,UCVZIcfq_k2HrAR26UO6VuKA,2956000361700,,,,,,,,,,,,,,,,,
Lyla Hayes,UC7rg6fpTqw2v19IDuVNKEPg,2986743815436,,,,,,,,,,,,,,,,,
WealthUnlabeled,UCI2rU4YINOkpJln1XehKAAA,2915058643417,,,,,,,,,,,,,,,,,
Affo Yousafzai 2,UCDwjZmgaq5FvTNx0ISD5Kcw,2971374559597,,,,,,,,,,,,,,,,,
Aurelia Soleil,UChUdLzusO0h4Psa9YQjFWqw,2926712560025,,,,,,,,,,,,,,,,,
Mads,UCzqje4ppZMCu4yy9NbaF5_A,2901973518761,,,,,,,,,,,,,,,,,
Stella Quinn,UCIo1256s_XQyVRiWEGmx4WA,2954554408252,,,,,,,,,,,,,,,,,
Julia Thorne,UCDmKAFprw44ajdUxqCMnOKA,2938059675340,,,,,,,,,,,,,,,,,
TheFitPlug,UCVxYaMEdBQBEdEOeMHHF0QA,2928379314579,,,,,,,,,,,,,,,,,
Mila Vance,UCkPrg5Lm0sdwGdJlkgPMf1Q,2987849972848,,,,,,,,,,,,,,,,,
Styled Aura,UC17mltNHSyCI35twvP0wfvg,2901528626621,,,,,,,,,,,,,,,,,
Elena Karras,UCJUZXv1M4uQ3fuNwqrePe6A,2970667826010,,,,,,,,,,,,,,,,,
SilkAndStirrup,UCKiEFX1pErRGMoby-_rV9Tg,2902614026062,,,,,,,,,,,,,,,,,
LuxeMuse,UCNdSQgmcMfJhDgSGtzIPy4g,2953485006529,,,,,,,,,,,,,,,,,
LethalGloss,UC5-oJbyO9aUpxUTey_YUKeQ,2941385077854,,,,,,,,,,,,,,,,,